_id,TrialId,Threshold,GuessedCorrectly,GuessedIndex,CorrectIndex,Timestamp,Parameters.Resolution,Parameters.IsSymmetric,Parameters.ColorCount,Parameters.Saturation,Parameters.Lightness,Parameters.MinHueDistance,Parameters.HueSpacing,Parameters.SafeMode
7e0cffa7-6740-4d0b-b853-d335b6b175c5,a089f140-6d80-482a-8f1f-64a932cac2f0,0.84,true,-1,-1,2026-08-25T15:47:02.454Z,5,true,1,70,50,45,45,0
fce0bf96-e876-41fb-aa68-e0b80becca69,96d5c8d0-cb77-4473-baf9-ac7220fc8aa4,0.84,true,-1,-1,2026-08-25T15:47:15.973Z,5,true,1,70,50,45,45,0
81f1b991-c187-4b57-a37d-c8a737474e59,471bd15c-bfcf-4a9f-96b6-c5140177eb7f,0.88,true,3,3,2026-08-25T15:47:21.439Z,5,true,1,70,50,45,45,0
db926f3f-057c-4ffe-b0de-bdfe43cb0b79,a488c692-bd28-49bf-8f4f-288f44ca75dd,0.92,true,0,0,2026-08-25T15:47:27.250Z,5,true,1,70,50,45,45,0
fb72c9d4-4c30-4867-a59b-4684991d6f38,c8ef9088-92e2-4a52-81b6-c05da863a2c5,0.96,true,0,0,2026-08-25T15:47:31.633Z,5,true,1,70,50,45,45,0
a301f98c-ff37-4f2a-8a67-0cc7585fba08,79986a11-7dcc-4a08-ae59-8c2ff912d093,0.96,true,-1,-1,2026-08-25T15:47:39.242Z,5,true,1,70,50,45,45,0
408641a5-f5da-4128-819d-aa28d368034d,c4587a95-5a04-4872-8189-055bdb0de076,0.96,true,3,3,2026-08-25T15:47:46.483Z,5,true,1,70,50,45,45,0
22bd751c-6cad-49df-b316-23489618407a,5cb16352-f755-4d50-9c6d-7aa43c6098f8,0.96,false,-1,2,2026-08-25T15:47:53.132Z,5,true,1,70,50,45,45,0
044b723e-a0cf-4e78-855c-b8ff5a3797f3,7065c86a-177e-420c-a230-1918f1131827,0.92,true,2,2,2026-08-25T15:48:02.637Z,5,true,1,70,50,45,45,0
e3c4ce53-dd7a-4811-bed2-5783bac21b0a,2cab33bb-39d3-488e-9c21-eb690d13fe8e,0.96,false,-1,2,2026-08-25T15:48:11.372Z,5,true,1,70,50,45,45,0
79e59d84-58fe-487e-b4de-3f4b38a4891d,19868b60-c4af-4a74-9529-56c5a7495f26,0.84,true,-1,-1,2026-08-25T15:48:16.886Z,5,true,1,70,50,45,45,0
36f3f780-320d-433b-9259-44d5b628ff20,9933df47-1e81-420d-834d-ee4ca74acd5f,0.96,true,-1,-1,2026-08-25T15:48:24.958Z,5,true,1,70,50,45,45,0
8b8d259a-ba82-4167-8456-390da2b24a37,6ad4118c-0db8-4028-a2ed-3eed31953fec,0.96,true,0,0,2026-08-25T15:48:30.702Z,5,true,1,70,50,45,45,0
d8f59635-def8-430b-96df-ef4c2d3adcd2,22ddec0e-f1db-4c73-a9aa-455786125223,0.96,true,-1,-1,2026-08-25T15:48:35.832Z,5,true,1,70,50,45,45,0
0b64d6d0-37b7-4f8f-beeb-9c419ae2a64a,893c4541-7ea6-4616-858c-e1fa4c34507a,0.96,false,-1,2,2026-08-25T15:48:41.776Z,5,true,1,70,50,45,45,0
d95323b6-2931-49d4-8205-45f5ce4ffd10,83ee4476-ac03-466c-8635-33db5a42dd90,0.92,false,4,1,2026-08-25T15:48:49.654Z,5,true,1,70,50,45,45,0
59920568-7de3-49eb-ae3d-b761f4a37785,873b9ffa-2509-4b12-96b9-2dd73f2aa212,0.88,true,-1,-1,2026-08-25T15:48:58.287Z,5,true,1,70,50,45,45,0
293d7291-b081-4f90-9b04-b7d95c3fd287,84bbbcc1-e38c-4001-91a7-0d686cc101d9,0.92,true,1,1,2026-08-25T15:49:03.702Z,5,true,1,70,50,45,45,0
b02f9213-a7c8-4434-ae7f-f2ed8cf81386,3facb9be-ef44-4354-9ca4-08d6d2af7f41,0.96,true,-1,-1,2026-08-25T15:49:09.761Z,5,true,1,70,50,45,45,0
52bdea53-f1dc-491d-9575-6ce6dadc7a70,31e71774-8f7c-474b-9c13-042a6ab3d938,0.96,true,3,3,2026-08-25T15:49:17.111Z,5,true,1,70,50,45,45,0
faf0059f-90ee-45b6-b1e6-98f749e38de7,f9ed35c5-05f2-47b1-a23f-cf4673bce252,0.96,true,2,2,2026-08-25T15:49:24.223Z,5,true,1,70,50,45,45,0
ec3ce3a4-e8b0-42d1-8bb5-3ad7eec29a91,7df1748d-5996-4836-80cc-5a2916cc6cb5,0.96,true,0,0,2026-08-25T15:49:34.122Z,5,true,1,70,50,45,45,0
d78b0122-f0ea-4d40-9043-2c631957a1c9,f96bbc99-e58a-4bc1-a115-ff2de6f4f25c,0.96,true,3,3,2026-08-25T15:49:43.196Z,5,true,1,70,50,45,45,0
bc8ed359-ac2d-4ffd-83d9-4275de18f482,33d81286-bd83-4655-b09f-7f7d391e99aa,0.96,true,-1,-1,2026-08-25T15:49:49.468Z,5,true,1,70,50,45,45,0
b26754a2-579c-4aec-a7e4-2176a67753ad,f8b1e9be-6239-4935-8299-4a372177febf,0.96,true,3,3,2026-08-25T15:49:56.225Z,5,true,1,70,50,45,45,0
ec3dfddd-5e3b-4dc0-aecf-ab00830d5253,a0af9241-7c50-4c94-82ba-3d8b6d664c07,0.96,true,-1,-1,2026-08-25T15:50:01.813Z,5,true,1,70,50,45,45,0
62e53cf7-e37a-4c2c-9364-b52436b292d7,9b3fe1dd-fe35-484e-9aa4-8cc63fd81d27,0.96,true,4,4,2026-08-25T15:50:10.182Z,5,true,1,70,50,45,45,0
1c4a871b-ab0e-4f6d-8e03-f2e0bbdbe54f,3975c2dc-1272-4fed-a3c4-1772f8cc354f,0.96,true,-1,-1,2026-08-25T15:50:16.776Z,5,true,1,70,50,45,45,0
4e7fac87-ef8e-447d-9413-0204a5267024,092261ee-9629-472d-90c4-7619366636c2,0.92,true,3,3,2026-08-25T15:50:22.626Z,5,true,1,70,50,45,45,0
65b30041-62de-49de-a825-33a576f14b24,520aee71-5008-4402-b1b0-f75f3bd3856a,0.96,true,-1,-1,2026-08-25T15:50:28.019Z,5,true,1,70,50,45,45,0
18221304-bd46-46bc-8af6-04a18e3a8260,c03da0a6-164d-4ee9-94ed-fb1f47bebff7,0.96,true,-1,-1,2026-08-25T15:50:32.683Z,5,true,1,70,50,45,45,0
998b5d4f-2e50-4e51-9982-de75d77cd129,970c5ea6-5048-48e9-8e7f-0b4b5bfe8fb8,0.96,true,-1,-1,2026-08-25T15:50:38.945Z,5,true,1,70,50,45,45,0
27363c4b-3347-412e-a447-d38d8f8a6b6e,fa080131-e7a1-4924-b43a-2e30ca0b1951,0.96,true,-1,-1,2026-08-25T15:50:46.738Z,5,true,1,70,50,45,45,0
0e04abb7-c9cd-435c-abef-affd174c3850,a8e1aaa7-cb15-4219-886a-36db2a914f15,0.96,false,2,-1,2026-08-25T15:50:53.589Z,5,true,1,70,50,45,45,0
5c027665-a980-4276-98f0-aa15e9dad629,caf6b727-4d6f-44e8-afe8-358884aee372,0.92,true,-1,-1,2026-08-25T15:50:59.850Z,5,true,1,70,50,45,45,0
ba6e9099-858b-4f91-b9af-b660a09cf117,903d81ae-81ee-4a69-9ee4-6e26accd15f7,0.96,false,-1,0,2026-08-25T15:51:04.503Z,5,true,1,70,50,45,45,0
9196cd64-3702-4e4a-ad90-3add58ff9e8d,ec82bf37-6e28-4f46-a796-d43916715e5d,0.92,true,3,3,2026-08-25T15:51:10.151Z,5,true,1,70,50,45,45,0
bb7cd857-ea2f-4581-b1c2-1f38db15bbb7,5569874e-ca3c-41e2-b882-eb687afd7a34,0.96,true,-1,-1,2026-08-25T15:51:15.227Z,5,true,1,70,50,45,45,0
01a7ae16-db47-4dfa-90f6-75c70dda3138,5dc7ab07-0604-4ab7-ba43-b434dac59152,0.96,false,0,4,2026-08-25T15:51:22.080Z,5,true,1,70,50,45,45,0
40266f3c-6237-4575-a3c9-6f309c4c74a2,1ad090a3-5b81-48d6-868e-ebede463a143,0.92,false,4,-1,2026-08-25T15:51:27.699Z,5,true,1,70,50,45,45,0
246f8974-6177-4ed2-ae56-58c618c4ffae,dc660d64-5181-4acc-b5e4-6ee3173301f7,0.88,true,-1,-1,2026-08-25T15:51:34.487Z,5,true,1,70,50,45,45,0
0ab88f00-7bc7-4864-aecc-1fc127c63982,c51a8345-fe1a-4cbe-9240-ffa806b564b3,0.92,false,-1,3,2026-08-25T15:51:39.277Z,5,true,1,70,50,45,45,0
f8d78a59-cafc-45a0-9359-39a65b94d437,d6b25ae0-2a22-478c-adbf-2ace076b62a2,0.92,true,-1,-1,2026-08-25T15:52:28.961Z,5,true,1,70,50,45,45,0
f6563dcd-abf9-449e-8f53-71e96e817949,6683964c-89bf-40f0-8b88-3f5ae1000d03,0.96,true,2,2,2026-08-25T15:52:33.963Z,5,true,1,70,50,45,45,0
b53e96cf-808d-424c-974f-874cfb2f306f,59f678ec-b057-4e6b-9efa-8cf42e1365cd,0.96,true,-1,-1,2026-08-25T15:52:38.598Z,5,true,1,70,50,45,45,0
997fe6e4-fe59-4e55-878d-73d8505d357c,20517d1e-2eee-4f1c-a8f0-391f3027e317,0.96,false,-1,0,2026-08-25T15:52:43.390Z,5,true,1,70,50,45,45,0
ae471cb9-449c-4d98-8637-0cc672199fb5,050e0cd2-57b6-4949-af2a-96bab3e99f03,0.92,true,2,2,2026-08-25T15:52:49.357Z,5,true,1,70,50,45,45,0
5deeeea4-10df-4a8e-83e9-f9e0a11a9236,fecbdc75-bdcf-4f6e-8b18-b42aef8d1d43,0.96,false,-1,4,2026-08-25T15:52:54.041Z,5,true,1,70,50,45,45,0
37e54612-940a-4611-81ae-3222e822c261,22bb97db-0654-4e85-991b-534a3b2ad3a4,0.92,true,-1,-1,2026-08-25T15:52:59.170Z,5,true,1,70,50,45,45,0
df46495a-9876-44b8-aa6d-f05dac868e43,a55c2cee-6601-40a3-8813-c63acf10c5aa,0.96,true,1,1,2026-08-25T15:53:03.437Z,5,true,1,70,50,45,45,0
aea57744-0952-4f4c-b04a-cab8dc23b8f0,765ed7e8-3615-4e4b-8203-748575a1585b,0.96,true,-1,-1,2026-08-25T15:53:08.935Z,5,true,1,70,50,45,45,0
59c4db5d-7922-49cd-bdca-ca636525623d,b9ad8872-21b7-4316-82bc-a83189565891,0.96,false,-1,1,2026-08-25T15:53:15.355Z,5,true,1,70,50,45,45,0
c7ef34c3-6434-4cb5-a21a-29e56b6e614e,8487a562-6815-43e9-a994-f34dfc13e36e,0.92,true,-1,-1,2026-08-25T15:53:20.477Z,5,true,1,70,50,45,45,0
742f73a4-0567-4e7c-aebd-b6bcf3794418,7a10f198-808a-45a8-bc78-1f93f544d2dc,0.96,false,4,-1,2026-08-25T15:53:26.539Z,5,true,1,70,50,45,45,0
4ef632b7-3665-4abb-85b8-11047455cf8a,7d829ac6-1e54-4fda-b564-bd1f7e3737d0,0.92,true,-1,-1,2026-08-25T15:53:36.483Z,5,true,1,70,50,45,45,0
95c663cb-f1be-4c2a-940a-7098e51997fd,9cd8b97a-8852-4875-a038-df49e2085184,0.96,true,0,0,2026-08-25T15:53:41.958Z,5,true,1,70,50,45,45,0
b8e24d53-0527-4c8d-aac2-d6a9f50eab5a,c6823a97-0d7c-4b2a-ad10-18ad10bf0a3a,0.96,true,-1,-1,2026-08-25T15:53:50.337Z,5,true,1,70,50,45,45,0
f9da3d54-3ffd-40eb-97c1-738383cf28f7,fca94288-e5a9-404a-9423-3b86671eaba4,0.96,false,1,2,2026-08-25T15:53:56.569Z,5,true,1,70,50,45,45,0
578d6702-26e1-4e36-b5b8-514c79ba1784,b54780b2-4fc4-4509-896f-4417e425c6af,0.92,true,1,1,2026-08-25T15:54:01.211Z,5,true,1,70,50,45,45,0
c9f73033-0b59-4f09-bf6c-983033a63789,04ae35cf-1931-429f-a92b-44fb2b93148f,0.96,true,3,3,2026-08-25T15:54:06.401Z,5,true,1,70,50,45,45,0
88909a62-a9c4-42b5-89b1-c43a77f01422,69081992-ea9f-49e0-b7e5-000bccd94575,0.96,true,-1,-1,2026-08-25T15:54:30.456Z,5,true,1,70,50,45,45,0
eece3800-bb04-4b10-839c-f3661d40e070,bad4da26-8d2f-4094-97d2-92c3a303aaa3,0.96,true,-1,-1,2026-08-25T15:54:35.208Z,5,true,1,70,50,45,45,0
ee35453e-9ce5-4397-878e-1d2dad666010,5c8c56d3-3dc7-49d6-889d-f7ec9075856d,0.96,true,-1,-1,2026-08-25T15:54:40.303Z,5,true,1,70,50,45,45,0
7d0b15d2-b4f8-44ba-9fc0-10022f135bcb,a13ddcf5-f082-49e0-a70b-439d35171f04,0.96,true,-1,-1,2026-08-25T15:54:45.071Z,5,true,1,70,50,45,45,0
67c5431d-3bff-40c5-9aec-8c449d01de06,1eb8e14e-095a-4996-9cce-fd86e3e5654d,0.96,false,3,-1,2026-08-25T15:54:50.870Z,5,true,1,70,50,45,45,0
72edca3a-643e-4d1a-ae12-a92b2e77483d,66c8510d-cce0-4448-b82d-20bf212b41b5,0.84,true,3,3,2026-08-25T15:54:58.312Z,5,true,1,70,50,45,45,0
07c4ff05-08fc-49e1-9fa2-8e7bc84de94a,dac784e6-1b03-46bf-856e-7f7edce0117b,0.92,true,0,0,2026-08-25T15:55:03.020Z,5,true,1,70,50,45,45,0
d97d7bfe-4868-4311-8609-ff8f64cfb31d,9375ba21-86fd-4ced-b7da-63fac77d957f,0.96,true,2,2,2026-08-25T15:55:08.027Z,5,true,1,70,50,45,45,0
a3b5d45f-2a90-4267-9238-1955ebb93c54,663619ed-14a4-4fc9-a454-f1589174fd52,0.96,true,0,0,2026-08-25T15:55:13.076Z,5,true,1,70,50,45,45,0
fb3b6521-0913-4410-a976-0f806a958d09,c4c34c9f-9d75-4814-a4ce-a592ee9421f2,0.96,true,-1,-1,2026-08-25T15:55:19.616Z,5,true,1,70,50,45,45,0
18811527-a8d1-490e-98f7-62f126bd8e38,954a5cda-d9fa-4368-8bb3-ffdbfe2ea817,0.96,true,2,2,2026-08-25T15:55:27.769Z,5,true,1,70,50,45,45,0
e23d087f-997f-4317-9951-3abf11ad8441,0fde9b35-ec66-454b-8377-eb72c1eceffe,0.96,true,-1,-1,2026-08-25T15:55:33.476Z,5,true,1,70,50,45,45,0
67131201-904b-46b3-981e-b4530c44cae3,686828f6-8f72-4061-a850-dc7b376fa985,0.96,false,2,-1,2026-08-25T15:55:38.262Z,5,true,1,70,50,45,45,0
69935892-c641-4ffa-a553-af7e939b3dc2,eb6e3f37-9e76-4f0a-be17-3366071b6fc3,0.96,true,-1,-1,2026-08-25T15:55:44.838Z,5,true,1,70,50,45,45,0
af56e24f-bd38-4346-9560-53f9024d6378,525a27e5-b384-4f06-ab6e-6405c906fbdb,0.92,true,1,1,2026-08-25T15:55:49.839Z,5,true,1,70,50,45,45,0
7784b14e-a73a-427f-8674-1f0c555ebc31,9fc7bea6-f338-46e6-92b6-41a3a1a2cd80,0.96,true,-1,-1,2026-08-25T15:55:54.874Z,5,true,1,70,50,45,45,0
f9a49e30-742e-4991-8f23-c786f8c8f21e,0f7964a9-0141-47f6-9eb1-fc1bd957766f,0.96,true,-1,-1,2026-08-25T15:56:05.060Z,5,true,1,70,50,45,45,0
d2f4ec98-3720-4191-bb1e-a6a7d5e54533,2ff766b5-6cdd-4a1f-9ab9-d5a7fb16c173,0.96,true,1,1,2026-08-25T15:56:10.482Z,5,true,1,70,50,45,45,0
d4d8619f-c2b5-4a26-b4a9-d50430e6a131,2f3eb023-6079-45e4-807b-5b0735bff6b8,0.96,true,-1,-1,2026-08-25T15:56:18.486Z,5,true,1,70,50,45,45,0
99c521f7-0543-48f4-b0df-1f4a1f918670,5c7ac3b4-0350-4a62-80f2-5cc3a644cc31,0.96,true,-1,-1,2026-08-25T15:56:24.823Z,5,true,1,70,50,45,45,0
61aabc76-fafd-47e3-9f02-51a670402308,194ea870-8e31-4693-86a1-8bb6577ad1bf,0.96,true,0,0,2026-08-25T15:56:30.920Z,5,true,1,70,50,45,45,0
a1eb15ce-1266-4fed-8007-910784b28586,d3d8101f-8dea-4d71-b8f8-39701250607f,0.96,false,-1,3,2026-08-25T15:56:38.879Z,5,true,1,70,50,45,45,0
7d9f4248-56cf-4d8a-b58b-89e530016fbd,ac817436-50f2-4abf-966f-19a5253f011e,0.92,true,2,2,2026-08-25T15:56:44.330Z,5,true,1,70,50,45,45,0
70b0e9a6-0018-4b48-b35b-4ad096b20c1b,48b23b10-f8b5-45e6-9506-0e365a7936b6,0.96,false,-1,0,2026-08-25T15:56:50.143Z,5,true,1,70,50,45,45,0
49d7c1f3-b836-462f-860b-1d12012bbab8,5b00bf81-2033-4e34-82fa-e1b27edd446b,0.88,true,4,4,2026-08-25T15:56:55.601Z,5,true,1,70,50,45,45,0
747b0e42-2585-476a-a5d2-67879dde0e6e,b0190045-2594-4b86-a245-ef1702fc4b4c,0.88,true,-1,-1,2026-08-25T15:57:19.850Z,5,true,1,70,50,45,45,0
3514928e-9058-4d3b-ab43-9f03ee85dcda,0e53202d-3b8f-4e7f-b58a-7217e476dc0b,0.96,true,-1,-1,2026-08-25T15:57:26.149Z,5,true,1,70,50,45,45,0
47972c65-9199-4315-a572-c6d1f053ad8c,ff288d34-0377-4bc8-8197-a3313c5e6935,0.96,true,0,0,2026-08-25T15:57:31.350Z,5,true,1,70,50,45,45,0
ce6b89e9-9546-4e88-aca6-ad844a2b656a,4627f6fa-0791-4333-9c1a-20f03d0f2e04,0.96,false,-1,2,2026-08-25T15:57:37.108Z,5,true,1,70,50,45,45,0
525ccf75-1fff-4870-8bfe-641570a47aa1,1a40df0e-a9df-49e7-84bb-7ada9243e635,0.92,true,4,4,2026-08-25T15:57:42.448Z,5,true,1,70,50,45,45,0
5d043951-33f6-445e-b3bb-ddfe234a70b1,aea3f800-64e9-4c39-a225-b2145f0523d5,0.96,true,-1,-1,2026-08-25T15:57:48.440Z,5,true,1,70,50,45,45,0
b03f772c-8c1b-483a-a3b9-45163a855dd3,958d01e1-4b80-495e-8225-044f95ba3113,0.96,true,4,4,2026-08-25T15:57:53.865Z,5,true,1,70,50,45,45,0
4983e22b-dd07-468f-8d02-d5f8a2cdbd41,bb7b1f71-fa62-4dfc-8b05-66bf9aa4c1da,0.96,true,-1,-1,2026-08-25T15:58:00.439Z,5,true,1,70,50,45,45,0
e3c2ad60-9558-41b4-816d-9a607dd56662,11f84b27-728f-4a73-88d7-3bb0d91ac4ee,0.96,false,-1,0,2026-08-25T15:58:06.425Z,5,true,1,70,50,45,45,0
1efb265c-9576-4803-ac97-a3b4c754c78e,73cef8c1-a412-4dfe-86b2-c3972ea5802a,0.84,false,-1,3,2026-08-25T15:58:12.127Z,5,true,1,70,50,45,45,0
b2d113bc-92a2-4f6b-813b-7207737c1d7c,6671a856-8408-4ded-9e2b-9a3441fc7b3b,0.84,true,3,3,2026-08-25T15:58:49.584Z,5,true,1,70,50,45,45,0
9eaadeb1-053e-4e4f-a0f4-7aab11857b10,652a2c0c-353e-4d4f-a08b-d6885678d9f7,0.92,true,-1,-1,2026-08-25T15:58:56.798Z,5,true,1,70,50,45,45,0
d1d721b4-c910-4e3e-bcaa-1cf969176ce2,82619f02-f047-4de8-b0c8-d936481c2827,0.96,true,2,2,2026-08-25T15:59:02.370Z,5,true,1,70,50,45,45,0
d3b09569-869e-48e8-81c5-abf824e94e1d,4c5af23f-ac75-4611-a01d-c1fd3170b645,0.96,true,-1,-1,2026-08-25T15:59:07.597Z,5,true,1,70,50,45,45,0
fe7c6fff-7075-4438-8104-48c5e9e7bb0e,1143bebb-394a-456a-819d-dd2c50bbd6eb,0.96,true,-1,-1,2026-08-25T15:59:12.900Z,5,true,1,70,50,45,45,0
cfeddeca-fbbf-4c0f-abd6-9545fd95321c,6d2256ce-a41b-4013-8b37-6697be518e6e,0.96,true,-1,-1,2026-08-25T15:59:17.639Z,5,true,1,70,50,45,45,0
3a768537-e1b8-4462-b287-e08d11ffbd57,a51f5e88-80a2-451e-8116-25ab95574f77,0.96,true,2,2,2026-08-25T15:59:24.801Z,5,true,1,70,50,45,45,0
f3f3ce0c-f6a2-4c5d-8596-a6e13b91542c,50cf23ce-4d78-4bee-8254-f7f90149b036,0.96,true,-1,-1,2026-08-25T15:59:32.482Z,5,true,1,70,50,45,45,0
d4ba3022-1898-4713-9831-d58500baba77,209c2165-06a8-409d-bb9e-4b700d9352ea,0.96,true,-1,-1,2026-08-25T15:59:38.055Z,5,true,1,70,50,45,45,0
aab2a850-a798-490e-bfec-4f766c8ecd02,1323babf-eec1-49c0-bb6d-531af8f8198d,0.96,true,4,4,2026-08-25T15:59:42.996Z,5,true,1,70,50,45,45,0
b85eee3b-094d-4232-b843-1f6b8c0b8048,a7b8c72c-f525-4b16-9975-be5bd32099fd,0.92,true,3,3,2026-08-25T15:59:47.888Z,5,true,1,70,50,45,45,0
879f4276-23a9-4a4a-931b-cadb859344f4,9be15069-0ff1-49ab-bc83-97952c66cb02,0.96,true,1,1,2026-08-25T15:59:52.494Z,5,true,1,70,50,45,45,0
